{"train_samples_per_second":19.718,"eval/steps_per_second":7.489,"eval/accuracy":0.7274939172749392,"eval/runtime":20.6971,"eval/loss":0.6742227673530579,"train/loss":0.6608,"train_steps_per_second":2.466,"train/epoch":1,"_timestamp":1.7308693987958603e+09,"_step":3,"_runtime":496.749878958,"eval/samples_per_second":59.574,"train_loss":0.6952206983457382,"train/grad_norm":5.01078987121582,"total_flos":1.298756697735168e+15,"_wandb":{"runtime":496},"train_runtime":497.2132,"train/global_step":1226,"train/learning_rate":9.216965742251224e-06}