{"train/learning_rate":4.320282762370854e-05,"_wandb":{"runtime":217},"_timestamp":1.7308685109657726e+09,"_step":0,"train/grad_norm":5.197629451751709,"train/global_step":500,"train/epoch":0.4078303425774878,"train/loss":0.7651,"_runtime":188.873482581}